"","V1","V2","V3","V4"
"1",18.859754801657,3.97299510995449,23.7707771179854,61.6679404223363
"2",18.0261191649322,14.0177590070176,22.6972362312309,71.1172140344955
"3",9.71412720770633,6.4131730171822,11.9932034099912,67.8823947648626
"4",14.2299569332665,9.25521009556086,17.8086072080547,65.9642972251166
"5",12.5467778760068,5.19635315111931,15.6410396784365,48.4272691608852
"6",20.5476333105044,15.7656735172042,25.9443965163128,70.731664845408
"7",10.6075770323724,9.48867035249471,13.1437719255253,64.3951690437927
"8",12.0546177554839,8.10654918195201,15.0072447817989,77.150508609319
"9",17.4496249662222,10.4284374188714,21.9548374348891,66.1391058281251
"10",16.0366484148091,12.4593960907391,20.1352318024728,76.7553944431553
"11",21.2492610189654,7.68307686011417,26.8479399819834,54.6665618851149
"12",13.769768260688,7.53970363898862,17.215984563496,75.2864188407465
"13",5.10841295901538,3.23241329942,6.0620479496708,65.3984413148402
"14",5.78126091714101,3.23965886394151,6.9285293736837,63.5006650138798
"15",7.11568112096545,5.91559490539383,8.64697156330165,83.6719191531995
"16",7.81907938938475,6.73290099888773,9.55279512404488,79.5376222163434
"17",17.6478545596673,7.92441981731871,22.2101139179869,65.4827039206072
"18",8.93193068473711,6.61018435040603,10.9859048830426,72.9219298035088
"19",8.63193747200177,6.54441244444797,10.5995790526288,76.4536427057985
"20",8.03885867934693,5.93877058270081,9.83582291633465,75.0080379893781
"21",9.86049131486407,5.09465577411308,12.1816884584525,57.4231408856145
"22",7.42956586588686,5.4231841241515,9.05118665747104,82.4014143015617
"23",17.279984829956,10.5539339923078,21.736377937366,66.0701739837746
"24",13.658992273847,11.8142257495546,17.0733292523439,86.2813215003921
"25",10.5224600646054,8.33703831646936,13.034159834788,84.7788551765392
"26",19.4037767595571,8.80519387244131,24.4713587502589,66.9550006447009
"27",24.8469399036353,8.33381993277613,31.4809657428312,52.0310458936134
"28",7.54294101744164,6.44270695752228,9.19718912590466,83.7404129442905
"29",20.154689828771,13.1680947795142,25.438371011595,74.1220527475918
"30",11.0812589435237,8.94089367219682,13.7537709185323,77.1609384621613
"31",9.38899030160125,8.418576392843,11.5744979862787,82.1235058512658
"32",17.6338328517397,11.8197498817299,22.1920570162671,80.5046227357877
"33",4.77795383589835,3.98190928909764,5.63648867120593,64.8601135742331
"34",10.6072370885868,5.47310539127888,13.14333415207,68.8805911407714
"35",12.3430608200753,8.07028217952021,15.3786965404548,79.1397239681338
"36",11.307212230948,6.22803829450299,14.0447494730236,74.6474300906928
"37",11.1349202180255,9.69292905020007,13.8228749367331,81.335173824423
"38",23.8656496763189,9.31995243819629,30.2172779464029,62.5987409173494
"39",7.98806642810374,4.61611435555301,9.77041357436589,68.8531540535701
"40",19.9429599668382,11.0851869620613,25.1657091270517,69.9300494007203
"41",14.0609629098686,7.23774834185743,17.5909797629907,63.4606313588116
"42",9.31679223572519,7.74190851670051,11.4815226236046,71.1679478455472
"43",10.8203418707444,8.72005630823407,13.4177666339969,55.6636840101465
"44",17.4855770755788,7.48628056034323,22.0011359106969,67.6491810044457
"45",12.1485645057047,8.96362765924324,15.1282277065884,72.1612615674914
"46",17.9967505842976,15.0656419608897,22.6594159045698,69.5152176916293
"47",13.8799672734522,10.3728122019774,17.3578968578734,83.0001712273486
"48",20.4146338725168,6.70598418208377,25.7731222469497,53.698987011524
"49",9.40540658164719,7.45584273104917,11.5956385746381,82.9485626731577
"50",8.89790870758566,8.05401095555285,10.9420919965592,77.210336499801
"51",14.4055984872332,5.07782751048024,18.0347952226857,69.9827361255178
"52",9.92289617719347,4.88009376245681,12.2620523108258,71.2583290419989
"53",21.9993427743381,8.51410842804148,27.8138816923989,54.5238745402625
"54",10.3457701646328,7.64551689486398,12.8066217791425,75.4600430868144
"55",23.4475122411792,11.491743544817,29.6788081244209,55.8025311820312
"56",14.3821200895217,8.49499569090599,18.0045601669991,63.84012267381
"57",8.3697242622399,4.98350175465032,10.2619056263433,69.992960341462
"58",5.12707320584528,4.71175709984515,6.08607827784575,61.3014971585027
"59",5.38593048182714,4.22563017471916,6.41942999334131,75.7720919935934
"60",14.2208701089192,8.00917307491771,17.7969053601037,69.3019078839177
"61",18.579609426346,9.99471611787422,23.4100109734223,65.6771798022999
"62",19.6754588218137,8.78552400435801,24.8212259934302,50.8102142984991
"63",20.9423738325372,11.7003662943394,26.4527362170074,76.7754448204072
"64",8.17456600758326,7.88576650324524,10.0105843577556,89.4619633480792
"65",18.8404316957332,6.41671161410252,23.745893171865,62.8169520376768
"66",8.69856412013661,5.40523957847962,10.6853796443611,71.0520654082328
"67",16.002813749508,7.17785460043574,20.0916601328005,67.7886833139011
"68",22.2535412919964,14.6015452688317,28.1412339432344,70.6050071595804
"69",18.9075181098526,12.2210182882516,23.832285841912,74.4362789226377
"70",12.9760902246583,8.92924478274104,16.1939003518079,63.537077675345
"71",6.91628627493628,5.32362330918854,8.39019448901361,78.0056673602077
"72",13.8771316871277,7.51987243537345,17.35424524112,57.8701077863428
"73",4.76264287655215,3.78111420979414,5.61677149484077,73.8899343356515
"74",5.41244295685397,4.37606052112009,6.45357227888729,74.8964743830123
"75",6.5745703763665,4.19225766939484,7.95013893883343,64.2598753021237
"76",8.57680324260404,7.40943275660503,10.5285781897689,75.7471981848525
"77",18.0276002565355,6.93967521545869,22.6991435541943,68.3081180754809
"78",9.79242290186869,9.41907988899056,12.0940311880242,71.6066150431717
"79",14.3121616383312,9.85451558622964,17.9144689395869,79.4417774746572
"80",11.5880992414537,5.35453244444249,14.4064706819691,63.5492347590347
"81",17.3747068818121,12.0694605910577,21.8583592815708,66.8037373925957
"82",15.4737305984732,6.82357394383232,19.4103164256621,57.5087027887377
"83",27.3237839415029,10.9470039429864,34.6706006716017,57.6346145947018
"84",19.6336804875253,12.338346808685,24.767424610592,63.3599427576303
"85",9.80772150294269,3.96402246075507,12.1137324496301,64.0645658400099
"86",8.11999160171312,6.31630717967915,9.94030442550356,83.3032711342853
"87",13.6799418604596,9.71323756928816,17.100307750861,78.6362380891684
"88",25.9339282526578,8.78002232803437,32.8807696675845,58.6734651393819
"89",21.5524787405253,7.4634630143556,27.2384182765078,49.2612317986514
"90",10.0646998744558,4.82514904958641,12.4446645459531,65.5829668538877
"91",31.7527487630051,17.2730194964249,40.3741414182049,76.6054721666215
"92",21.3015001869246,8.36835570504284,26.9152126371143,67.9631816584948
"93",32.910731358519,29.5915427172098,41.8653704488139,51.0324279858757
"94",13.780366943037,6.10619931363379,17.2296333548218,65.0792346979758
"95",13.8794070888369,7.63720945976246,17.3571754622634,72.1840856471583
"96",17.2141332767326,11.7738957634258,21.6515754988337,69.9716327353905
"97",10.621777541051,6.90650770211255,13.1620590836164,77.6808844002246
"98",22.2935541095519,9.71146977363985,28.1927617255745,57.7162213809548
"99",17.9015109862218,9.21560351193582,22.5367680737091,58.6197933248463
"100",6.81213516884691,4.2032578792351,8.25607057940373,64.8374766650549
"101",10.5068974608638,7.07796333452306,13.0141185953245,80.6388991897976
"102",14.0892856726112,8.24551476996644,17.6274533042965,75.2132954077063
"103",16.9247024003128,6.42588115833008,21.2788516539814,62.0186924027896
"104",14.1261496249452,10.4496066454213,17.6749260349889,86.6895057931599
"105",6.46726908188382,4.28187232674812,7.81195827361927,74.2798220620227
"106",14.1187559830959,9.12579059861559,17.6654046368174,78.390792761847
"107",35.693652702045,7.33021583406293,45.4491661927613,58.5251131395193
"108",19.1366422820092,5.76211245307845,24.1273478043783,51.3493289861402
"109",9.26984720625446,7.99655996327259,11.4210676642116,51.3974055462855
"110",9.83939411662835,6.0286945057806,12.1545198683584,67.8408798052466
"111",14.6751458585511,9.16271680932488,18.3819134494975,73.245326280232
"112",11.0545738217237,7.99381623500792,13.7194063015963,68.4554694667167
"113",20.4624325165461,12.4214857887645,25.8346764757235,68.6194137352341
"114",11.491794461357,5.95723594106896,14.2824511289784,72.3784297957871
"115",12.7273277606205,9.88016020857795,15.873548552449,80.0535364821848
"116",11.7319912900888,7.81590549385209,14.5917722582016,79.0030302772868
"117",7.08676387515149,6.81501610008071,8.60973245745492,73.5533472615988
"118",12.9315776990012,9.8704275429883,16.1365779268053,77.5457482086383
"119",6.81916574742831,4.5357864448784,8.26512443126918,72.8215895349781
"120",9.10307918899685,7.90251352508291,11.2063068295711,82.479817281882
"121",6.08114098657273,4.93206648950813,7.31470950019866,80.042616258324
"122",7.79670580214653,6.81349779643461,9.52398282329204,85.5268253741099
"123",9.16371223890419,7.79567514825192,11.2843889739717,81.005651085728
"124",16.3745392499358,8.95336410603031,20.5703615051728,73.7327115108942
"125",6.08954893616085,5.50902408921832,7.32553710552041,83.1053753711998
"126",7.84240533611658,5.21896287053152,9.58283385611883,77.2884695333496
"127",11.5249616101932,6.47832808667048,14.3251631830272,72.068703947352
"128",13.608505324531,9.70715230247046,17.008313072672,72.7089977444758
"129",18.413156077626,8.21057487877846,23.1956553632301,67.0623180102509
"130",12.6536761365191,10.5073932811807,15.7787013237973,71.118194354467
"131",22.545350403926,13.5739015551427,28.5170204367374,75.2448249917477
"132",19.6142953310838,15.7484904048013,24.7424607569377,73.3753681489179
"133",16.2182805638635,9.869517493337,20.3691343970465,66.4059940576812
"134",21.7343125698619,7.3421025517152,27.4725805912992,58.7406092959328
"135",12.8587297285753,7.20673437734263,16.0427656288132,72.574991781995
"136",8.97999700190792,5.04409745660559,11.0478038164439,71.2646400158971
"137",9.6613179684573,7.49594904817937,11.9251966273697,84.041746697134
"138",7.69085184975094,6.26893541913894,9.38766601902524,76.3277307713971
"139",15.4083607529403,8.13638669402105,19.3261343215763,57.7764832098879
"140",11.721508022919,10.205635820621,14.5782720964549,80.1659478473358
"141",6.60082600542466,6.17259840311271,7.98395046278906,81.4064126955476
"142",9.29770041707872,6.66228941788229,11.4569365250543,76.3736148953656
"143",14.0031062608025,9.23773401484312,17.5164730173493,72.0001693915061
"144",15.5125100833993,8.10870427669608,19.4602559445615,76.0992012133572
"145",8.40587185111015,6.30292043033119,10.3084558371312,82.8289865688991
"146",12.8806823310088,7.15492564317247,16.071035792953,75.955505052946
"147",12.8845090789004,9.3496245546608,16.0759638096355,75.0124776916824
"148",7.77918563319985,2.95276798706792,9.50142066678322,64.3868330483742
"149",5.042040092329,4.03303009006218,5.97657417309512,50.3968004953409
"150",18.8305292017718,10.0766054914298,23.7331409193459,64.3770282386823
"151",8.37370733629559,5.32075306710083,10.2670349570309,79.1806723465974
"152",8.67663466691533,6.97670144509289,10.6571392913578,68.4166896081138
"153",6.08114098660671,4.93206648951344,7.31470950024241,80.0426163019578
"154",20.0851122013346,5.58971230116986,25.3487702021216,54.1123515704301
"155",18.3770920962418,6.32798679218917,23.1492128206498,63.9625368221369
"156",10.6795605683303,6.77673978828609,13.236471020453,69.0923676361833
"157",12.271896537532,5.94021676429057,15.2870524652483,71.3855305593228
"158",14.3839843343889,7.05813414723655,18.006960907802,69.3858012715971
"159",15.4846530507329,11.1535466805684,19.4243821620196,66.0201612114103
"160",9.92960810062036,7.87021844539331,12.27069580435,80.8382825500705
"161",10.7317500738019,8.74025110235547,13.3036797211312,68.7822572426722
"162",7.01977874721788,3.82755065040514,8.52347022192508,61.4974143683502
"163",5.54469823377471,4.29569521694242,6.62388823109547,64.8522464620739
"164",19.9528506444074,8.15624636271663,25.1784461626347,55.4043226190744
"165",7.84057744790029,5.39422522546577,9.58047993475301,76.5583779567056
"166",8.6329136512933,8.0949164031375,10.6008361586546,83.1239340621572
"167",10.7629636656785,8.15079319700653,13.3438760198806,85.1934581060648
"168",10.4212334698175,10.2123586318125,12.9038020579075,87.5149601345159
"169",7.14491507047718,6.49307825119444,8.68461851443905,48.8854061440647
"170",28.9531045490068,5.7461555914853,36.7688102642953,46.1458045803032
"171",18.3970402867192,6.50237199589106,23.1749017393461,60.4963914456939
"172",6.21383465114831,5.21346899178176,7.48559000009528,55.7117215403842
"173",19.7313638105787,5.77140231168604,24.8932194262549,51.6745759887236
"174",8.41525384689018,6.64596871823775,10.3205378015117,83.8262497143524
"175",12.5393727367635,9.80665777588752,15.631503474129,76.714732064946
"176",7.62416847324132,5.07288123821977,9.30179237351846,73.6330726206296
"177",11.4103285774448,10.4945480275629,14.1775408379561,87.2629545927905
"178",6.18368860506155,5.07015183974136,7.4467684674947,72.0960591119083
"179",6.02826430177558,4.80865547785141,7.24661586242089,78.4399867217422
"180",10.829368854169,7.89037544475861,13.4293914198907,76.3159425742022
"181",10.497242649992,8.06156291643286,13.0016853046059,80.7781757889645
"182",12.7062616238254,8.14176980446677,15.8464199627161,80.4045629722282
"183",22.3244451843697,15.0490958420573,28.2325426926922,66.0168109544568
"184",8.01753849029548,5.15323308712544,9.80836716270348,73.5686389858129
"185",9.03758647670997,5.41830617041554,11.1219664999031,77.6746896102853
"186",12.0841509346968,8.93717721164528,15.0452770755303,83.745314487087
"187",28.8199100972309,8.43995086449391,36.5972848597049,47.3348120791216
"188",13.0055927536114,9.735752100193,16.2318931746894,72.6630320728206
"189",12.3721458769628,7.07959988577804,15.4161517503652,69.195599355473
"190",12.5978348565192,6.12936399164968,15.7067899339674,59.8307228170989
"191",5.47094146915596,5.03475912444816,6.52890560438814,71.2854293135893
"192",22.1189817813553,8.28877495395827,27.9679506405407,66.3751820338771
"193",13.839246802202,6.64556609514701,17.3054577719116,67.6255461392743
"194",6.71961402880667,5.70073370775227,8.1369235296056,71.3691384361426
"195",7.94459657550594,5.45160653053525,9.71443388485996,69.2301334649629
"196",11.0966542838775,9.32599934076628,13.773596759232,87.1305684509692
"197",15.3586188453266,7.05961300682412,19.2620775931256,59.3719361713751
"198",14.6715978122076,4.27278630095175,18.3773443396249,58.234094183066
"199",14.8837230372357,5.1235456088584,18.6505153656074,60.4200740388467
"200",7.78007974255562,5.35513166623737,9.50257208463098,65.1532618437713
"201",5.84876501215636,3.66120261383566,7.01545992562971,76.2365236214226
"202",11.9871627906269,7.58076615624311,14.9203774987818,79.7368940083389
"203",16.8288681400065,8.28840309384189,21.1554380278619,57.7571311348193
"204",6.20475877785383,4.37249322932261,7.47390225471182,73.654131443859
"205",11.4212137428498,5.03480536543757,14.191558556977,60.7999641992149
"206",12.4433017002451,7.41461945206666,15.5077849318885,77.3644847397605
"207",13.5798550388141,7.44711602736269,16.9714177532071,71.4994533275321
"208",18.1358951734307,9.01310835718971,22.8386037883699,69.8869487671495
"209",16.400436193767,10.9390054437358,20.6037111207842,71.1139445943255
"210",10.3247368867602,7.35329309430149,12.7795355045353,86.0849816971136
"211",12.6722279127538,6.02919167232911,15.8025919655027,76.0131839805333
"212",7.50594734203515,6.9541597678812,9.14954934018698,87.0388760981863
"213",23.3652207456493,6.83514882848833,29.5728346256983,53.2505680097442
"214",7.74072257634453,5.33127800150245,9.45188863822699,70.6964476466845
"215",9.28535552503852,6.33346281953101,11.4410389964892,71.7194464498259
"216",15.3489961643505,11.0607639866949,19.2496856787052,57.5194968506791
"217",11.7527331272751,4.98067749776884,14.6184832207672,62.0936800821438
"218",4.71242917054384,4.35666286423536,5.55210719295563,73.005908602602
"219",28.6179217039633,16.2568959580257,36.3371678622183,65.4634225972812
"220",7.68217113167461,6.18815250018984,9.37648714738062,75.834969750475
"221",11.6332360066229,7.09119224913636,14.4645969913186,74.2425466104133
"222",12.1550228856773,7.49031519836563,15.1365446914406,77.0633836641109
"223",19.5657688482909,5.50367927481833,24.6799692305759,74.4839303513162
"224",10.0287025067786,6.03212875164902,12.3983077872991,70.4629656190312
"225",47.7933234172372,30.1819632785144,61.0309031732716,65.4327412214934
"226",8.41463942581295,5.82451210792203,10.3197465611675,83.1650951543315
"227",12.9904477428693,6.34508543815549,16.2123897039335,71.6944375665611
"228",9.49861646957496,6.89795220365484,11.7156725815016,75.4889378185468
"229",5.20354908471081,3.0769230764001,6.18456253067255,74.4633816621947
"230",14.1522736751184,9.0732424606715,17.7085681140377,79.3196389483752
"231",9.70392391124922,8.58502843231051,11.9800637894617,72.642492245275
"232",27.271816670627,4.74320461038204,34.6036781606141,51.5053871008534
"233",6.56330123314303,5.11408311956058,7.93562674012678,77.4872233797166
"234",20.9239962374003,9.85194528524969,26.4290698825676,53.099652727948
"235",10.6264883649238,7.89949853610107,13.1681255973485,74.9567406150573
"236",9.0656597759028,5.58559346709982,11.1581187865639,76.3671343779291
"237",23.0538724913774,14.2027917583099,29.1718859782847,63.2281862620079
"238",11.2970324387319,7.0699163935107,14.0316401208304,72.9976286024764
"239",12.1482459386619,7.58905946847588,15.1278174617158,78.9365895104967
"240",13.3043579299024,7.22617838400883,16.6166375619939,71.064224879788
"241",15.6401343957505,6.98629462668827,19.6246082244032,57.4131187814805
"242",5.81998845708122,4.6672329231761,6.97840199877034,78.3657821087696
"243",8.22816045024423,7.59945850751761,10.0796023111212,81.5416983261298
"244",11.9179665929324,8.06162229026009,14.8312678876274,67.6941492297243
"245",12.011544459293,7.23706732402206,14.9517757704574,73.3016031146528
"246",17.5800506390773,16.441011562389,22.1227972560917,88.3923375062719
"247",10.5289423740154,9.53228011416044,13.0425076355365,66.9169917878856
"248",17.1831051523135,11.2349533663846,21.6116180417196,62.742240459348
"249",8.19950847286104,4.57507662340015,10.0427048131591,70.066223485335
"250",9.79027828102203,7.14322214782415,12.0912693841089,77.5080467573437
"251",27.4844830649429,21.7205114658617,34.8775460946119,67.6521177139318
"252",11.4117562603124,7.19993092295528,14.1793793821164,80.0399956255341
"253",6.10777882185819,4.6586803202898,7.34901322241706,70.8519237276434
"254",9.02296989820866,5.16094922784925,11.1031435346238,73.6590699955101
"255",8.43600456627857,3.93806845700904,10.3472602024164,70.9698040896692
"256",14.1110614858568,6.3907482008335,17.6554958025195,67.103417890252
"257",8.87000841668114,5.13299542623999,10.9061625068411,83.7503009943099
"258",28.6709299916397,18.3217684590082,36.4054309758024,60.6673441014126
"259",10.3538017214938,7.00945844645312,12.8169646727218,72.9743846258917
"260",14.8124416412351,11.2406373330576,18.55872047381,57.0637029716243
"261",19.8232689993242,5.45108639001462,25.0115732651224,50.2232648840438
"262",8.06540462100503,4.32969172953606,9.87000829960274,72.838637112194
"263",9.39488830156177,7.0171271758012,11.5820933238923,81.1903993416889
"264",30.4279625935857,14.1677607665987,38.6681057637475,71.0564222917023
"265",7.69360083160984,6.2690973065944,9.39120610811509,83.0706428657071
"266",8.88051015020377,5.7574496813922,10.9196864492227,46.5833450710165
"267",12.9490239886997,10.0604377171682,16.1590449429553,83.9467039791392
"268",28.0203207860641,18.3951983209079,35.5675882148709,69.1069132469414
"269",6.88109914268663,5.73587085284813,8.34488113688048,82.1720408001091
"270",6.8263340738311,5.6187233424428,8.27435567228623,79.6344951810568
"271",12.2661355528621,8.10859847891646,15.2796335734464,78.1610828336902
"272",7.57294766949955,5.40148390708798,9.2358311493975,72.3812105273075
"273",9.65963194664923,8.43171716824477,11.923025398997,84.5978828889417
"274",13.9961623165594,8.11296759369067,17.5075307316169,64.3781956815801
"275",8.10323758566518,7.19805673663318,9.91872890683275,77.0873564901542
"276",24.1126889479349,7.07843483423293,30.5354106497454,61.9583634828255
"277",17.1186091443802,16.5292969531798,21.5285612498808,54.4878433600193
"278",41.0765639846932,23.5770887000257,52.3811819285559,63.3353440808851
"279",6.83196295005803,6.20096140016741,8.28160443722606,68.8071965889892
"280",45.507505035007,28.753826482349,58.087267626859,70.06028980942
"281",10.4281931497482,8.47587651894987,12.9127646077737,65.291620840322
"282",19.9317854209041,10.0710521013984,25.1513187490223,65.1665292681685
"283",21.5132838475697,9.0510183692169,27.1879438026656,69.4741525933496
"284",24.4100817388737,13.665075229422,30.9183877040292,66.9398234759171
"285",19.107054908292,10.5353250719788,24.089245719945,70.5798026228227
"286",6.14186126946353,3.57335831208485,7.39290398165662,67.4268663898744
"287",7.30822346508756,6.39036503881218,8.89492410964283,88.1050938589822
"288",7.4210669582724,4.95416644865634,9.04024191804902,61.8041773859473
"289",28.4521011103273,15.8980340168121,36.1236271025723,68.5389359375044
"290",19.9856628756033,12.173196797195,25.2207011601692,73.7212614281238
"291",14.3689292821188,5.00183819706562,17.9875732839383,54.796901675623
"292",5.16285407229281,3.68698070479589,6.13215623013417,59.552239783045
"293",28.6167021059266,13.1627490834588,36.3355972859375,61.8135762668099
"294",7.3450056870552,6.16353494853707,8.94229158944862,82.2594561312101
"295",8.61527021279665,3.12683852485203,10.5781152578501,86.477305613295
"296",6.6332495807108,2.97909382195325,8.0257049562764,63.9887715343133
"297",9.28310587379475,6.17850672376921,11.4381419363292,74.0651407960493
"298",17.0365246846508,3.62617111003005,21.4228543681154,50.9089574783212
"299",7.64276888684322,3.57044587446025,9.32574564954519,61.0609238379012
"300",8.98351633543279,5.72471419536931,11.0523359504682,64.0992112330851
"301",11.5617657385958,9.90091169257189,14.3725588735434,87.5173744787689
"302",8.57431914395984,7.43340105315547,10.5253792124894,82.9457669208562
"303",28.6474958692382,10.2596809954483,36.3752529370587,57.5142387706377
"304",5.84735642372093,4.02356131948576,7.01364597093364,59.5892344852798
"305",8.93519452782573,6.39236253271306,10.9901080011067,71.4227052337287
"306",8.85309077152529,7.32057264090179,10.8843762695663,64.2010886480704
"307",23.4252996401155,9.54899303301804,29.6502031387501,63.1990022591476
"308",6.50267906058836,3.42779332963417,7.85755860338418,68.3430423502516
"309",5.08967208225153,5.08967208206855,6.03791378772606,85.876921804008
"310",9.29973118882409,8.05141879695157,11.4595517161574,73.3347744897016
"311",12.1130130592789,5.22413008303495,15.0824451972523,55.6496328563615
"312",6.51439354949157,5.09567234846072,7.87264431019782,71.5727727155654
"313",7.2942444982271,4.99251411608724,8.87692224909588,76.128615547265
"314",9.63115007666451,9.02756908387962,11.8863469622642,83.1048212645032
"315",13.9122634834994,8.26894486584236,17.3994873327108,71.8073719943786
"316",9.05004768023412,6.11911560282688,11.1380138122923,75.5740068073156
"317",8.22345754042012,7.42226541286477,10.0735459889578,81.7088684865374
"318",8.87861625825565,6.87865834687245,10.9172475294455,79.7240124383124
"319",14.8195055290062,5.20870616803025,18.5678172206472,59.7793579946761
"320",10.3747176469593,5.69049757681425,12.843899823023,73.213330752842
"321",11.7610580519917,5.29425351711553,14.6292039081619,70.4827340829516
"322",5.77966764444695,2.89365161994345,6.92647758594158,65.3443206663579
"323",22.4735176396014,6.42057724532308,28.4245155027905,55.4998422936347
"324",19.4682422583957,8.69794286227453,24.5543762530377,64.0332453180056
"325",9.68077211411376,5.92061030062984,11.9502493240864,70.56174396764
"326",11.1595907660917,9.19604596414042,13.8546452220724,82.5486887986984
"327",12.9887633400888,8.63200666647258,16.2102205605151,79.255746757034
"328",19.1347530583454,6.68371824602882,24.1249148963332,58.9898624865719
"329",9.01734348584937,8.67145795849633,11.0958979426081,82.1130299974761
"330",27.6011562325604,12.27494677117,35.0277956884473,58.7714590053381
"331",9.68962221534348,5.15309951537795,11.9616463242906,70.802316396941
"332",8.73232751315321,7.62126854987261,10.7288595308752,85.9888646647067
"333",10.8061351798071,7.0904710530725,13.399471514505,62.5879006916384
"334",10.0761889557032,7.66691119289198,12.4594599768668,83.760315667525
"335",23.7095447592327,17.1558482544326,30.0162488591942,71.6362285837772
"336",15.0812730526249,7.99521796483449,18.9049167003831,70.2644427060553
"337",18.4232193136664,12.2743128417798,23.2086146164896,73.3177749990512
"338",9.23818919454707,5.36606446491161,11.3802990496466,45.6955423609132
"339",5.63305273296046,4.03956676221997,6.73766955620447,78.6350081627553
"340",12.1667335847289,8.49742675193413,15.1516255177519,54.8932309586236
"341",7.73512188903379,4.43430809298733,9.44467617446329,70.2089194407991
"342",9.14269667125841,4.64127278598734,11.257325506274,65.0784029274629
"343",6.17357858057059,3.53397844269801,7.43374896091533,66.561410260657
"344",11.0454953579147,6.45797937955603,13.7077152201951,61.3083770843764
"345",10.5203897401541,4.95184968953873,13.031493708426,64.5969543020368
"346",9.76341783963281,7.42287959468101,12.0566789937785,72.3487025514559
"347",11.8158779818007,9.91115422674801,14.6998000216992,84.010438967065
"348",10.3133692139042,9.10627318813872,12.764896421151,70.4112843484012
"349",27.8166740440942,14.7011313835918,35.3053356259366,63.4828347038127
"350",10.3667863055807,3.79845136570186,12.8336859851283,57.8915720340224
"351",13.1292111895704,5.03334454819663,16.3910867594072,68.9785687237861
"352",8.52313000363329,3.19057743249385,10.4594587639416,63.4362850158341
"353",12.6350840002912,8.58722210363431,15.754758707223,74.8829021965642
"354",7.78566623696269,6.52845656323882,9.50976627103019,76.1986572884741
"355",6.45921595314216,4.86425012409361,7.80158760016242,76.137457224713
"356",5.33333333333818,4.21637021358238,6.35169633736249,70.7341066499731
"357",9.01197695563754,6.57670741531896,11.0889870221189,79.6850016303879
"358",9.45456734774418,7.27119573190373,11.6589469195604,67.2846107776709
"359",13.9738155144855,5.54528317339627,17.4787529243139,67.9373562330426
"360",13.7433737654923,8.95060097362952,17.1819942102414,78.2622528809019
"361",17.4383007252286,11.6066616663155,21.9402542822713,69.5030624597884
"362",15.09185601786,6.25214947521373,18.9185452514939,61.0822405778942
"363",5.63110026771563,4.88326379888548,6.73515520679575,72.2004707019582
"364",13.7922701806638,7.97932064250485,17.2449621288258,65.2560033893308
"365",8.30399454381154,5.69794796972043,10.1772600844553,80.0459473031199
"366",7.11866918620383,5.53532705336341,8.65081953964094,81.7018425322125
"367",5.10841295886386,3.23241329933555,6.06204794947567,65.3984412354241
"368",12.5288707197207,6.84568009685846,15.6179791666353,78.5476121310531
"369",21.8472637510566,17.60872813665,27.6180370783756,68.2844781020262
"370",12.0165612245919,7.32593706674549,14.9582362700214,67.5732522902276
"371",36.5193771983918,16.5513172826225,46.5125192561042,47.9670224237795
"372",5.65685424949238,3.26598632368714,6.76832071846064,74.9482039714259
"373",8.38557403744482,7.93474981157183,10.2823166800204,76.9451982825894
"374",8.08233122065037,7.66864450525464,9.89180606830704,75.9311632504395
"375",12.6667640158358,7.46925536846535,15.7955556579313,66.8629533756831
"376",9.31471963066828,3.41403836212003,11.47885356032,57.4972096535214
"377",32.7210450780523,18.401545781214,41.6210958895624,51.0400645478597
"378",12.6407286367552,7.42641297926474,15.7620277679109,72.6462214534637
"379",8.40699600174779,4.60162739778967,10.3099034979787,65.6626178617892
"380",6.21969121526569,4.91696576120103,7.49313197738,71.5559682703624
"381",10.6640532386467,6.36825034956841,13.2165009619211,65.3528679240813
"382",15.683094240007,6.18931537810365,19.6799311343967,55.5923429606578
"383",19.2824558600931,13.3489003391433,24.3151238914612,73.9359806211853
"384",6.93980302715373,4.29421333443649,8.42047893693896,72.3544347087346
"385",28.0295379625347,5.36585925493557,35.5794579279275,50.7484162048644
"386",8.37139450152465,4.9471058569629,10.2640565302681,62.9187241566256
"387",21.8498584004076,12.5830730721203,27.6213784208548,57.574660962969
"388",6.93248401956489,5.06375607004506,8.41105365141739,58.4662727075218
"389",6.74060785769539,5.77228791278553,8.1639590025253,60.253278004714
"390",18.9131742670424,8.86115899800159,23.8395697387821,58.5374985826597
"391",6.51805777820691,5.29673382297411,7.87736303762626,65.0880170507498
"392",6.07348784758979,4.87705989597359,7.30485392631451,81.0096628320579
"393",28.4684798273936,23.3775982167493,36.1447193180063,71.0411422579441
"394",5.30917869126953,3.6330824777253,6.32059042643059,70.8846373264564
"395",11.4279419230326,7.87616299004749,14.2002229856572,80.3647405982138
"396",15.4834119895299,8.48124433718202,19.4227839458618,77.024573544535
"397",9.37804347918295,4.39503134250364,11.5604008664719,56.4071357064835
"398",10.1742051042991,7.64725103906477,12.5856833992402,76.0653736986673
"399",10.0641501849009,4.32253902252022,12.443956665692,67.2371083412878
"400",19.0232798425017,17.7625054775131,23.9813617062891,65.2086987442587
"401",9.38983936353134,7.36550540111339,11.5755913928668,81.7102967090947
"402",27.100162294092,16.6673547323574,34.3826247609242,69.3648128372426
"403",27.260408531842,10.1582269225641,34.5889869659387,42.9801682776277
"404",6.22602645995684,4.52068518259164,7.50129039084498,77.4560864283376
"405",14.4004696857607,8.71428501178049,18.0281904449648,64.2144479823953
"406",6.16684914484914,4.11441616471924,7.42508291537516,61.4644972541786
"407",8.50689039392846,5.93488128130719,10.4385456884502,79.502595839118
"408",10.5411953538675,7.31799992815528,13.0582868012491,81.4808839435923
"409",3.85875125405817,3.50856648285493,4.45275622102809,65.5786151026769
"410",10.309895194815,7.40478828901943,12.7604226422369,77.0008236790135
"411",5.65685424949238,5.65685424949238,6.76832071846064,79.7884560802844
"412",13.3279957910538,7.6850386497912,16.6470779718126,75.0702078936091
"413",5.41244295672142,4.37606052106955,6.45357227871659,74.8964744420083
"414",7.08676387553608,6.42910050734071,8.60973245795018,86.6981167193399
"415",5.69531054170051,4.16900615901903,6.81784403562665,84.7988066520953
"416",11.0569518551225,7.69082663502127,13.7224686899722,79.2737145270777
"417",11.4451952219115,7.61837324951182,14.2224414717222,69.5116594264349
"418",27.7318706497116,8.42130390115905,35.1961273493291,58.6593473440272
"419",24.1551599770089,6.66347942404807,30.590104072393,63.5872422877502
"420",12.5952463385029,4.94952178436013,15.7034564873102,65.5723900152725
"421",9.60668555152776,5.10061779147829,11.8548419895251,76.1741052137179
"422",8.99289335528611,6.10850310173263,11.0644115069403,71.8013221594392
"423",12.8709532684845,7.11641966233016,16.0585068823001,73.8401028812657
"424",22.569907362971,8.82050274217752,28.5486444441908,52.4466491821591
"425",9.3004195128964,6.13678418112455,11.4604381274411,73.5244701607052
"426",5.64750591621264,4.08835828495811,6.75628210403883,67.8130996603737
"427",12.9253654544343,7.01440732470707,16.1285779106744,75.0655903086866
"428",6.39001071686339,3.60484722751248,7.71246634928276,71.9283053330408
"429",21.2902051412056,16.0747190097692,26.9006670816427,70.6809254087494
"430",9.76797200972879,7.32060818795162,12.0625437716118,75.1958250076088
"431",11.4597733692426,7.06998624021234,14.241214946036,75.6041389749286
"432",15.9350558706688,6.46231911649154,20.0044027626388,63.6108943682666
"433",8.97092968641125,8.3364231463738,11.0361270916375,79.3497694632431
"434",7.96176829218234,5.06795097010031,9.736547310841,66.7788216994678
"435",9.49856037474273,4.44748179218528,11.7156003435918,58.8417205053368
"436",6.6171366522766,3.34865682402627,8.00495501863287,60.8462577304974
"437",9.4720319257944,8.33954680770212,11.6814374871187,82.3230066630871
"438",12.9915134797506,4.04976264806056,16.2137621406026,56.1576294712504
"439",8.98301774877231,4.84902099212944,11.0516938795897,76.5325277843631
"440",19.7448514827248,4.52737241090942,24.9105886063596,56.2366078896634
"441",5.92279018124594,5.14210245190724,7.11078819875728,71.1024030243971
"442",14.3088341375992,12.0849988236631,17.9101838443616,83.7191749125257
"443",9.48871901805494,6.45774328096524,11.7029268225472,70.6627536891975
"444",5.75246982528587,4.85151420521617,6.89145272662212,78.8386669849447
"445",10.2443781700801,9.45169666856779,12.6760510034382,75.1265228900652
"446",21.6953832318673,12.9794184015627,27.42244809433,72.5730685764788
"447",45.0960196155617,12.1427551887835,57.5573641503073,55.2218917414228
"448",16.0490828154759,4.2681452924763,20.1512445986274,58.1131632533762
"449",6.25878692664549,5.89241637607956,7.54347872698378,85.9852399950981
"450",6.32455532033676,3.6514837166586,7.62817407417545,62.6866208399715
"451",10.8051420302656,8.56043469609532,13.3981925544983,86.72596183422
"452",7.09489059871885,6.73835331553038,8.62019790499646,69.261987746116
"453",11.2793913654959,6.83002855050303,14.0089222659658,71.3771901232385
"454",15.3611917830551,6.51743817018506,19.2653909757702,60.3556827756934
"455",10.4681646063826,7.82260364153167,12.9642391262681,80.1313316834025
"456",8.48794068238465,7.25359119297473,10.4141425928551,71.0012995735601
"457",4.70678724331451,3.5082320773583,5.54484162117109,71.3647148834961
"458",7.73084150320733,5.03881386919081,9.43916397105768,69.6094432126218
"459",6.98150305096311,5.8457032752143,8.47417947295957,76.7341687867812
"460",5.22437724965928,4.1226859926963,6.21138466456801,81.1097235780264
"461",13.6426824180462,6.31236615227079,17.0523257152014,63.9529434682881
"462",7.28561051696579,4.66477395761677,8.86580356427585,73.3791704473675
"463",8.46908153295099,7.72783843649772,10.3898561215066,79.9453449701947
"464",6.28404413809672,4.20593956113039,7.57600450681348,78.633548373278
"465",18.6520750764818,11.8981327363086,23.5033309262638,70.1712561555445
"466",7.75148415501368,6.5929825649256,9.46574720448591,84.1387613262974
"467",19.5077814567599,5.58899640707386,24.6052941171542,64.0968222108334
"468",17.1660399500579,10.0044933488714,21.5896417830821,73.7723810558034
"469",13.4821747052105,9.90519609408181,16.8456267873034,76.9320352322921
"470",28.7576010740146,16.4580325640089,36.5170444272069,61.0560362465442
"471",5.58200008399667,4.5957888399951,6.67192487876351,78.6335484472079
"472",12.4628096037686,8.23563107159861,15.5329068570135,78.4875261437363
"473",7.28211859970463,5.50087607457248,8.86130673641979,76.3215433061297
"474",19.8260560601733,7.84765681505198,25.0151623916467,58.3848266108749
"475",15.8866276989154,10.1825907879452,19.9420378394545,72.6478402670928
"476",11.2677695757016,8.07008302586841,13.9939559353871,83.4071995108251
"477",8.64988830367475,7.31622176826208,10.6226958088028,81.3992734437486
"478",16.267095222543,12.4987763581133,20.4319970311,76.7193043671289
"479",16.9711808759255,9.26769994549728,21.3387057937593,67.5335887168749
"480",6.1784739830335,3.40649923219761,7.44005317161546,63.2252309320056
"481",8.62232996617476,6.27814169522838,10.5872066804908,78.326118005522
"482",6.21160149467287,4.66760294678722,7.48271418159942,79.5117360163959
"483",11.2935189315815,6.13419737644257,14.0271154899057,66.9522175912706
"484",11.9991125714666,8.00789503425739,14.9357662102932,77.6047233810961
"485",8.96850870164691,6.49887703972366,11.0330093912704,71.1134703785808
"486",5.65685424949238,5.65685424949238,6.76832071846064,79.7884560802844
"487",9.99440651497417,3.57097163444879,12.3541420297045,57.2019911467254
"488",6.67947487562902,5.23981118954334,8.08523305453761,83.131395070733
"489",18.9456307378595,6.04373470425311,23.8813665945389,66.2204974952995
"490",4.07702208472628,3.67785960196285,4.73384144673738,59.0704820728333
"491",6.69264268775215,6.27538117201479,8.10219032469321,77.8211835923778
"492",9.76986761110571,8.95159213441594,12.0649848927604,81.3564065627721
"493",14.0707404840995,7.69231839096185,17.6035711461415,56.3172733484475
"494",18.9366128015598,7.74991533392096,23.8697534593688,59.2167158874309
"495",12.6876416339746,9.92479765430352,15.8224414767503,79.3627560158586
"496",8.05805294662095,6.45530751300364,9.86054094637342,77.8859280719841
"497",14.1845612726522,4.49288065796502,17.7501474978364,57.797292882985
"498",15.7811024844614,10.6215937993094,19.8061443779598,70.0316527229806
"499",7.34189343642303,4.47982399098711,8.9382836894066,71.0329180928141
"500",13.1353769907165,8.60505115187906,16.3990269665412,63.2199948692261
"501",14.5193747968933,7.46442851814308,18.1813142952677,66.1999677414364
"502",13.2726885531821,6.97586186747759,16.575854311771,64.9730157986374
"503",43.9324758727686,19.4463087322531,56.0589735748716,62.927704792576
"504",21.8585612004114,12.8107695157408,27.6325857292059,61.6155014368738
"505",13.1549419656585,11.9947821801268,16.4242223872061,59.0786624899991
"506",9.1857075543853,8.38780810729532,11.3127141432012,84.0916431126183
"507",12.2841534399664,9.87803550027091,15.3028366823914,82.8726851311484
"508",19.3207697617435,8.7326050459793,24.3644638406439,66.4337495781911
"509",9.34532199556083,7.22358351499874,11.5182627320207,59.4126852670592
"510",7.43076992746053,3.92908673304827,9.05273722617584,70.6561578177631
"511",14.126656665448,8.55944027004315,17.6755789925726,73.9803863912093
"512",14.816323313274,6.46079809862295,18.5637192208155,65.7196813154864
"513",9.66127920323251,8.21546520387098,11.9251467062148,77.6967854446936
"514",12.1068989780579,8.40462319279967,15.0745715941018,73.9945311942187
"515",13.9875101831449,6.461943012119,17.4963886707825,65.2574297819346
"516",10.0789952736279,5.89141326898016,12.4630739023046,75.7936357593273
"517",17.3814044537268,17.0895854201775,21.8669842934773,86.629753278688
"518",9.36428918733609,6.20298328202013,11.5426883383416,79.3331917605311
"519",5.50281670931659,4.97265248432414,6.56995396182401,77.8410570234646
"520",15.9178851099121,9.01440137057844,19.9822905676739,79.7539802943652
"521",10.4645040331875,5.91679095340398,12.9595251063525,72.071326599618
"522",8.46158680796655,7.22948427161004,10.3802045503029,79.1140623220179
"523",10.3622726172219,5.91123934986012,12.8278733389436,68.9008010436013
"524",11.0431135544195,7.45935544573735,13.7046479767572,69.7212724832224
"525",15.1671451145439,7.63178946592401,19.0155011877043,58.8716049670145
"526",17.6368950896381,8.90653583667656,22.1960005108158,73.5034971393224
"527",8.43996136617804,6.54319899517861,10.3523556977211,75.0336222697785
"528",16.8323567348523,8.67380924109365,21.1599305771716,69.1116708341966
"529",30.8535648611359,9.20768479312796,39.2161886618176,45.0872947775187
"530",7.26236840729405,5.43803835047504,8.83587279605069,74.741542690163
"531",11.6540814376379,9.16264103761629,14.491441360142,72.3191860386256
"532",6.01393451540073,4.82029440488293,7.22816222285205,76.3201449585698
"533",6.4847289137378,4.61988917430074,7.83444272911203,77.3360946478971
"534",5.71517267658396,4.90888295409485,6.84342213348652,79.7083717110055
"535",26.1536286178045,11.8344339037655,33.1636958219252,63.1365770961589
"536",6.79726735683624,5.75976859399485,8.23692408015767,82.29697049554
"537",6.7745620329998,5.64631025236778,8.20768457501705,67.9130920577015
"538",44.7554707274647,6.61804277217498,57.1188114550946,54.8189868804746
"539",7.66649754490419,4.33875735624838,9.35630298598099,59.3267615721957
"540",6.68250174404356,5.4137330138979,8.08913100090492,73.2959211587536
"541",10.001695478426,7.48911215449144,12.3635286249301,73.0326735213861
"542",11.261742896001,5.02094392424499,13.9861948863328,76.154949944787
"543",14.9098100870941,7.25345181044681,18.6841097963204,61.0924403249218
"544",7.97259126804569,5.82466892310098,9.75048494329553,87.2782756119159
"545",13.4061894204057,11.4002988993043,16.7477743126298,75.6802098847154
"546",12.8275107201421,6.13889891062141,16.0025623547201,66.4126964563685
"547",18.6040037973191,7.77110555465553,23.4414256028991,61.0459616154344
"548",6.67758522700347,4.29118864404659,8.08279959923441,59.8311713958731
"549",4.09878030636112,2.99332590925736,4.7618612908024,67.4826359111196
"550",12.2648953330399,6.77864986170329,15.2780364408036,75.342057051327
"551",18.5456475798832,12.5971367933716,23.3662755221517,58.2912389367461
"552",9.66527384398976,5.61448853610269,11.9302909322913,58.8789653404623
"553",10.2375761030511,6.36761294116685,12.6672914246146,64.5364719169443
"554",12.6689351862008,11.6840611791806,15.7983516518359,66.4655972716657
"555",7.84826108447762,6.19984184848092,9.5903747828873,79.8114199280625
"556",4.78091443735149,3.54562104176796,5.64030128017959,76.8998787291691
"557",14.4389273448976,10.3812152171731,18.077715522437,76.0303129474405
"558",9.54935091216118,5.38144006330241,11.781007478528,75.4397317482667
"559",11.5696768253319,7.0908642587931,14.382746627876,78.1085727487915
"560",16.8080126246707,12.0180891232098,21.1285806726327,69.6237404051802
"561",6.11451410709726,4.60339327342784,7.35768680086016,69.230469763765
"562",15.7280098540882,6.82753556280451,19.7377726493772,68.2501627689605
"563",7.94442988407364,6.11151425551457,9.71421922265004,69.04353318227
"564",9.27816175310762,8.24244725212534,11.4317749871816,84.7797741430713
"565",16.8106348901703,8.46466862650039,21.1319575786881,65.3048025873586
"566",14.6041168651155,9.51309203735525,18.2904435971556,65.7383910040737
"567",43.1461054083444,7.48979634684125,55.0462999216526,50.23485300155
"568",9.75343276834963,7.95843357301917,12.0438203996789,76.8829480175136
"569",11.4651352675482,6.79020517468919,14.2481199016402,61.4429320624649
"570",5.29540484377753,3.17329460500238,6.30285271489432,67.4479205938965
"571",25.1291911486585,14.1334527099867,31.8444437882999,71.4958040485683
"572",8.81633625037166,4.43335258272035,10.8370444623675,62.5234549762709
"573",12.4273516058174,5.94113881467538,15.4872446889318,68.4472404189614
"574",6.72102266106994,5.33101220454339,8.13873754074236,77.7072391070879
"575",12.8464649248629,7.67673940256805,16.0269712365473,72.117873471422
"576",10.5096564601286,5.05181379314944,13.0176715846484,69.0476918409314
"577",26.1162324119084,12.2123459406194,33.1155376647275,68.2765795472951
"578",22.7295044532256,9.38449400176749,28.7541706888083,59.8169998636403
"579",8.47372294026891,5.91321423887968,10.3958332418555,58.8461583110003
"580",13.029591247889,8.35144934171443,16.2627980013218,80.4459671573656
"581",21.9801093745254,14.0407111195858,27.789113268185,75.3065029889156
"582",11.4421370365295,6.55992715037266,14.2185031959309,59.2515790491986
"583",30.6465016294525,11.4269937865254,38.949536379258,54.9894428398267
"584",28.7998669852391,19.9390536484092,36.5714737028,59.4143704332213
"585",18.4401041047924,10.5519106719742,23.2303585449393,53.8101768821428
"586",14.0209867975133,8.62983298372527,17.5394992489431,58.5250629455925
"587",6.75668080542013,4.93332185205924,8.18465745373471,75.6950632788214
"588",9.90402948213391,7.95694071441764,12.2377561223568,80.3202008263123
"589",12.8972991611318,6.96269479405012,16.0924346460724,50.7912564086405
"590",13.0924756782793,6.67350412372643,16.3437794327652,66.9762755720099
"591",11.914327329157,5.68508912470719,14.8265813095967,64.9140076133796
"592",13.5423079690802,10.4566039492867,16.9230653162893,60.6526124252626
"593",11.6485675053132,5.85965582883248,14.4843406178793,61.8963578448521
"594",45.2238467462313,14.5656414047642,57.721977615909,52.1473171206022
"595",5.40747384687511,3.09447808866675,6.44717314898199,53.2581106379901
"596",16.1057791009979,10.1520672337668,20.2242570490957,61.0932283358927
"597",11.1839766983732,6.49803434383653,13.8860489843547,62.6788753090088
"598",6.84591390655053,5.64435911107263,8.29957022652806,74.3351340587203
"599",10.0332317988463,5.64829318133109,12.4041405276578,75.7514380901982
"600",11.6303930900366,7.04148656458129,14.4609359347867,75.5456799311256
"601",7.87836734533405,6.29492032112685,9.62914508078826,70.1305386567137
"602",12.6026884690645,8.78774132232708,15.7130403283679,75.4692863837918
"603",15.4178123426002,7.63453093299237,19.3383059076958,49.0769400733005
"604",7.95060273011691,6.7244785852454,9.72216850207519,78.9087207431345
"605",12.5003432587052,10.7682783402819,15.5812420185981,84.1274023277191
"606",5.03322295680043,2.90593262896841,5.96521962552423,66.3820552299114
"607",13.536607337644,10.7894303034319,16.9157241462895,84.3579989935643
"608",24.1493138484981,17.0986410355666,30.5825755338935,65.9752534291558
"609",7.86821531294123,6.48391762680912,9.61607147719309,83.6964882978543
"610",13.7702314021868,8.6507933261817,17.2165809887366,75.4782548508289
"611",17.3156613811216,5.81301467675862,21.782321554322,64.4140098452114
"612",6.78232998312527,3.08220700148449,8.21768800061282,65.0839575871408
"613",7.9391990549414,7.112474277789,9.70748305555532,83.6941730506726
"614",9.62472269890513,5.58607367892798,11.8780699015013,71.7038133802568
"615",6.23844021860858,2.87498471450934,7.51727660458616,66.8735646005091
"616",9.08561568553719,8.48122511503341,11.183817645851,82.5914388232185
"617",5.35978289913677,5.3195413957889,6.38575760954281,83.2904768880487
"618",13.7111899326092,6.31677988629613,17.1405484526822,70.3346459425066
"619",22.2079893883768,9.04391796855035,28.0825730261013,56.7169553276945
"620",7.48318049350279,6.34685011768011,9.12023060465636,84.6163952465197
"621",9.16904547540965,6.13980456631222,11.2912570194283,78.7875067251292
"622",7.60577323435058,5.8954469839985,9.27810331777174,77.0258785643639
"623",7.02316109330391,4.35669184273348,8.52782594600469,68.9699639651796
"624",16.1448460752339,12.4478870210822,20.2745667915257,70.6769489884399
"625",7.53510566845343,5.69706569781682,9.18709890527316,75.6470073314091
"626",15.3480752782853,10.2818717287172,19.2484997782956,73.664082953865
"627",23.9817894450072,7.6213329337128,30.3668406387501,52.4657990858672
"628",9.27462763389451,6.82928453369465,11.4272238124155,64.9941856632111
"629",9.56286855151526,4.91005483605077,11.7984152498609,58.2775344472406
"630",9.87950458562474,6.74952366262103,12.2061734044568,76.5665554328854
"631",13.6352502459013,10.2196329424849,17.0427546984125,74.9022999815445
"632",13.7816887419806,9.07727577288856,17.2313355435809,70.0067712221891
"633",14.8885578980615,7.72366431727913,18.6567416118829,57.3384586455708
"634",19.9224841313709,5.47650673650689,25.139340716686,57.885156116799
"635",33.4821974197632,14.7858695953012,42.6012941007208,62.4042986371071
"636",15.2037538337126,6.36134229281806,19.0626452337455,67.9996214183626
"637",5.60233836821459,4.70024072340668,6.69811615311949,71.142768653458
"638",9.78231972698556,8.17787090544383,12.0810205022458,81.7474724281043
"639",7.78136571572665,4.84795485415958,9.50422813760851,72.1079466924072
"640",16.4179630518823,6.97856049708212,20.6262818914833,65.7793026588122
"641",14.3991788442826,7.47582235456976,18.0265281226696,72.3582461842615
"642",9.08813734998103,7.07399047346837,11.1870649996875,81.1482011814341
"643",9.20481380826982,7.96631851624044,11.3373188311898,86.399508657995
"644",11.4622305350627,8.11396370248095,14.244379239712,79.8127341466265
"645",7.71015309268667,5.3601601712977,9.41252181038524,75.2361220182745
"646",12.2201496272145,7.52120928496319,15.2204137306001,77.3555752450292
"647",10.6042583205256,6.19400560783365,13.1394981484672,72.2980567389776
"648",14.9264780465654,7.54156834658058,18.7055744928892,66.7029694925696
"649",14.7477998379573,5.05711906632021,18.4754759293651,58.6764444800598
"650",14.6274006453205,9.1914970720504,18.3204280279394,74.5960581002267
"651",4.89897948556636,4,5.79234331265948,83.6074206832226
"652",11.1864806766367,10.6052889730942,13.8892735622483,74.0279665671915
"653",10.7246736548589,4.41307173725448,13.2945668368776,66.4624260060069
"654",7.8931314256317,5.84213788475539,9.64815799621151,82.8448465510003
"655",8.76309762377188,5.38553975048433,10.7684847224863,71.8780949688
"656",11.4779671050705,6.53502249950272,14.264644509785,79.1114101926759
"657",5.08967208225153,5.08967208225153,6.03791378772606,85.8769218040076
"658",22.9846564375556,8.04025805286465,29.082750796769,57.73002657596
"659",7.90840223804993,6.05561478604224,9.66782347208936,83.7738369175298
"660",9.2117217217662,6.35612942529343,11.3462147171786,69.4213162321541
"661",13.0299602140817,5.89273268807383,16.2632731493075,65.0479072658327
"662",5.65462033908016,3.49467721268517,6.76544392905864,68.9566534654113
"663",10.8869334968183,7.95434183549184,13.503522124953,71.3287378902751
"664",8.85711210667095,7.49858539683281,10.8895548721932,59.7580495605518
"665",7.60799370187651,5.74312491060078,9.28096279566806,76.1584317967284
"666",11.0936229814032,7.25320861356695,13.7696931027628,76.2080192355945
"667",12.4905825705735,5.38068276772993,15.5686723810603,69.1188771265318
"668",23.9772878586897,7.74254670612763,30.3610435773551,60.4753088155566
"669",5.316632771728,4.99215630650286,6.33018965634927,74.4868525983838
"670",15.5164665948449,8.975954496011,19.4653510684005,66.1547681499949
"671",13.4221661307827,5.93607764160201,16.7683488311245,67.6370168215398
"672",10.8767874485312,4.68866542220273,13.490456227581,71.3931206817931
"673",9.46306270661346,5.26067443302747,11.6698870889726,78.3203528657318
"674",7.89817480775588,4.77733360142617,9.65465277244146,63.1998070508207
"675",5.18189976336631,4.04120104007381,6.15668292643068,75.715093179229
"676",13.5423706622822,8.40717318508207,16.9231460514603,71.244550714391
"677",15.5590509887689,7.48799646979025,19.5201904802505,57.3220316631042
"678",6.27715310837712,5.67714733908713,7.56713036344684,78.8391834296549
"679",9.85013080901535,5.80300982649558,12.1683463865135,55.9134990595882
"680",7.00392908876593,5.98153573841484,8.50305931860032,80.2899882929738
"681",9.66410168058569,6.53767883646908,11.9287814414721,71.7760369369438
"682",7.51689843503332,6.54162089971417,9.1636519595692,58.8784703421172
"683",11.6861885442097,7.89269212675783,14.532788310946,65.1228148941568
"684",7.79847772272978,5.37496984905168,9.52626467055288,45.9211780193406
"685",40.8905366404266,20.4420745069294,52.1416192811274,61.1993939179529
"686",10.8393753124575,4.18962116842293,13.4422775557889,51.4263247790159
"687",12.4686636645453,8.16310208998412,15.5404456105413,76.1992299730249
"688",6.01751828549282,3.9216707389669,7.23277733712151,67.3657186754805
"689",11.1110885689138,5.94871688127376,13.792184970286,67.5369524074974
"690",16.7732122424091,9.17276703226595,21.0837653701351,76.1364014329682
"691",19.2284843079344,12.2404921001313,24.245620303309,73.3396165678506
"692",8.06755494518233,5.15418405010223,9.87277744816406,81.2450243073053
"693",8.43153157599679,5.6880330280172,10.3414999664787,70.7842624336999
"694",22.7145509162976,9.74425696800032,28.7349137945651,53.2349691388816
"695",13.6452787515791,9.46545240762436,17.0556692265396,82.4397816391275
"696",7.89687840008472,4.74234031313562,9.65298328210349,71.1054940466687
"697",7.71700162190278,4.76534541969594,9.42134122237261,76.9207234561936
"698",9.88516644372055,3.74681016607197,12.2134646428506,55.970535884962
"699",29.4751021623051,14.140653382246,37.441029344163,68.648219187902
"700",7.24092114676596,4.43564212492568,8.8082534020715,66.4414476773584
"701",4.6188021536198,4.06174565652831,5.43153601491948,81.3430628848565
"702",11.8768689290846,9.89598917360127,14.7783430598644,85.6627922812003
"703",11.8260254554423,6.48664280051777,14.7128677546171,71.2538295483379
"704",10.1054518687567,9.01721765839532,12.4971442267291,84.9793803235017
"705",35.9292294898822,13.2041845145255,45.7525377169289,55.4773066118919
"706",6.90125017185461,3.84400496643154,8.37083126757186,61.1428339869471
"707",7.05776446024927,6.53690834425728,8.57238753574331,84.3194837738249
"708",15.0412941547497,9.20864635518929,18.8534325991935,65.7669073758815
"709",11.4501625971609,8.48543949722226,14.2288383676744,75.989737836529
"710",6.18466593051419,3.96652074640347,7.44802704952604,54.3110650161091
"711",6.56957850909291,4.64956083879363,7.9437105024958,63.5329231025977
"712",17.3616043249949,12.4248756149118,21.8414860460172,63.3353724882925
"713",11.9875316663513,4.75793311473043,14.9208525302641,66.5868581630837
"714",8.42657704588944,8.02125986980117,10.3351196122681,79.9263231631339
"715",13.2815118046159,6.25844115209732,16.5872167352939,70.6020260225515
"716",14.1230627302929,8.29694448718311,17.670950787919,66.9085668397925
"717",11.8742909473683,6.14627730431225,14.7750231816637,67.4017795657376
"718",14.1525196134091,7.3233724809301,17.7088848289177,66.1794836121727
"719",12.0159821124863,9.340353683389,14.957490499932,80.2379424054346
"720",13.1505987450843,6.81454908097077,16.4186292663495,74.662405509733
"721",11.6018876899149,7.81235433347391,14.4242271963692,50.7850501604263
"722",8.04393812884395,5.73692803955692,9.84236413947463,71.6553219235667
"723",7.74866935859245,6.57232584588972,9.46212236059375,80.7934793580077
"724",9.54747979179153,7.9162661990392,11.7785978835775,83.3390283344815
"725",6.34560215169025,5.96284794003415,7.6552778027101,83.9449367586192
"726",11.656650246475,6.55705376004822,14.494749425675,72.4475313583319
"727",18.2049575200195,10.6199083702153,22.9275410284926,63.3057664569022
"728",6.02680808064204,4.07616049231477,7.2447405671982,66.1559241383671
"729",5.752469825372,4.87869376907724,6.89145272673304,77.9240586182332
"730",22.0327206331799,12.9446385018973,27.8568650949796,59.5211563779104
"731",10.1496571286056,7.11851932737499,12.5540709603844,72.3114225832732
"732",8.06243974539269,6.41459783217619,9.86619018644421,49.2342150410949
"733",7.44443805730891,6.14737493220166,9.07033879644382,84.8046905474898
"734",27.9821803777472,12.3360787143312,35.5184716872636,62.3403796574179
"735",8.1163478470817,5.26485019968966,9.93561206422986,75.5300490355364
"736",16.5939650057448,8.57929579375392,20.8529340225779,72.7476455538199
"737",5.43496681354558,4.06490091801056,6.4825780939228,71.9171817760216
"738",8.87995756004239,6.22827023167362,10.9189748336131,71.9415860198719
"739",8.7459964078729,6.83418133662104,10.7464620861306,81.516916700214
"740",7.10100291676094,5.90839156701021,8.62806923755706,85.814075574336
"741",16.3810102192227,8.27360321409319,20.578694702316,56.2284242972116
"742",21.7520272370128,11.1388939566806,27.4953932190756,62.0781591900998
"743",14.820771645964,10.3336986402294,18.5694477031526,75.0486652938854
"744",11.1425319433312,9.74344317164492,13.8326771788331,78.1272688111009
"745",8.04831606236008,5.31017689165639,9.84800196302967,74.4627337620234
"746",21.1204630543001,8.12877186318978,26.6820762939311,56.808568362658
"747",6.28078193373794,4.69160266618882,7.57180349907602,77.2159497225137
"748",8.38674762085249,6.29781425131967,10.2838279994946,81.3075024836479
"749",9.25675571918392,4.87231077932754,11.4042086840775,70.6093009850173
"750",8.846624067997,5.33756654233597,10.8760485657899,72.9352777730041
"751",15.9523098789633,4.62272803776528,20.0266221622765,50.7317777534708
"752",10.3347984493224,6.5061355841251,12.7924926027198,68.2898160306572
"753",10.4561964344029,5.11007378454457,12.9488267309795,47.2284103540522
"754",11.6434493204579,6.14117566425464,14.4777495120459,72.9794207841973
"755",12.0801028920981,8.67574861995002,15.0400640795288,82.6544468873003
"756",8.73133053774852,6.29950980419283,10.7275756439912,80.8485810442505
"757",10.9129004844244,8.53051663912482,13.5369619416702,72.664721035473
"758",23.5290173596903,9.36303212899999,29.7837689410496,50.2253347079225
"759",12.9324489722466,5.20900259399709,16.1376999367234,59.9953181155403
"760",17.4305855351007,9.3410266079821,21.9303188000455,68.2081726562368
"761",26.4439360126631,16.253178875045,33.5375484313606,61.700373604305
"762",8.12407503726716,7.30042404117461,9.94556299991253,77.7614270110631
"763",16.9925038419517,14.4168606740547,21.3661651235282,85.5522313868749
"764",6.47161126610533,4.96772056590748,7.81755005987966,73.0445311969593
"765",11.3404878917,7.61320087032353,14.0876012667538,80.2101174589285
"766",20.1486649888463,6.26427402298607,25.4306123317708,75.854692288179
"767",8.75462740984744,6.79035064343487,10.757576934279,82.8989585411885
"768",5.54469823391697,4.29569521652844,6.62388823127867,64.8522463490471
"769",5.03322295663129,2.90593262879565,5.96521962530642,66.3820552632322
"770",5.89767824621407,4.86335007100627,7.07844950327138,82.5243986394839
"771",12.2891875240449,10.3193034056459,15.3093194847665,82.6863815769929
"772",22.6796370335219,5.59709209292263,28.6899523281595,45.5563977301403
"773",8.78144164952245,8.28602337565695,10.792107826878,83.0039266865771
"774",15.0674897811867,8.5093719935738,18.8871668528594,64.7637524429998
"775",10.1664834821235,7.83625703242693,12.57573963394,85.4560089914482
"776",6.6332495807108,3.39116499156263,8.0257049562764,70.0512879857074
"777",4.47701600649375,2.87686073314243,5.24894638054008,71.9972724964189
"778",25.6589338111424,6.72940733351851,32.5266368023474,60.6467957894141
"779",4.34612998388642,3.06735632536435,5.08039372925744,62.600073211038
"780",13.1835257766936,12.2890155503239,16.4610321017788,62.3749859812653
"781",8.36985132982726,4.53615474026351,10.2620692616828,72.2613984360255
"782",8.32998139783263,5.45486744810078,10.2107254847822,75.7265331881138
"783",11.4647782310943,6.61037491204051,14.2476601165561,70.3902511867218
"784",5.21536192423355,4.79583152335156,6.19977489163417,82.2513160782156
"785",15.3332089878617,6.25085769082354,19.229355238522,66.9400148010174
"786",13.6775729811916,10.2761587485362,17.0972571510091,76.8112391205153
"787",8.83484787550498,6.72814477776518,10.8608833982112,64.6611801951341
"788",6.90746951119799,4.03979242105544,8.37884042022752,75.8235247801906
"789",12.9678239470479,5.05351574831899,16.1832551890951,54.716274076741
"790",34.6123882566889,14.0645818806513,44.0567334075648,62.6601670701375
"791",13.4808778232439,6.46325192314245,16.8439566861764,67.9637985191077
"792",14.045451404727,6.23049314560666,17.5710043273795,70.2228944836824
"793",5.84362731669506,3.70499929602899,7.00884369439099,67.2711979405375
"794",4.7483774294254,3.55975374136233,5.5984007101913,66.4115626974421
"795",6.74137720704171,5.07038856602066,8.16494975669066,75.0075756914558
"796",7.86848419189098,3.75023628740896,9.6164177346387,64.3461299012571
"797",9.63346600254573,7.92743918057384,11.889329369703,80.9038529298144
"798",4.34612998397953,3.06735632492879,5.08039372937735,62.6000730187803
"799",8.39665521036101,2.96729224289778,10.296586813967,60.7984153414078
"800",21.8844576599725,6.97654018342207,27.6659347211831,56.5267082136782
"801",8.41734393505666,6.30167290002591,10.3232293792283,79.2856462273649
"802",14.7841261266882,6.82547105263928,18.5222562665995,64.5665956212323
"803",20.5060649350751,16.1622597132994,25.8908655146937,79.3169381465761
"804",21.5686746783689,8.68352144099026,27.2592751121666,61.7723741224012
"805",13.6181466147321,8.57372902001049,17.0207289517155,70.1092098742271
"806",37.2340219357904,10.1924623794852,47.4328258160728,54.1576941235517
"807",26.1972180385515,18.2105734779338,33.2198294891298,72.3955108931827
"808",12.9609505458594,10.5757031787378,16.1744037474319,70.8552653672325
"809",15.9617847748996,11.7500270645945,20.038823761797,76.3472958253821
"810",16.0756704551816,10.0531570605291,20.1854836798865,72.8383812060926
"811",9.62681432126895,6.53129231911765,11.8807634549296,74.3966681977382
"812",13.7034672719129,7.98364667404783,17.1306033499937,61.9033084666426
"813",7.30604132068607,5.07973291623491,8.89211398357264,67.5596724945001
"814",13.2511569621727,9.92332802874349,16.5481263185241,73.4397880319227
"815",4.6188021534213,4.02657836536853,5.43153601466385,63.9529139025905
"816",41.1846148379671,6.20044223374907,52.5203278620167,41.4557830238697
"817",22.8748600597387,18.6494601437036,28.9413570083903,71.3653168494272
"818",15.5375750228293,11.7764751498475,19.4925341199618,77.2969852311466
"819",14.593310700005,8.80564122262698,18.2765276132844,63.2171544004043
"820",5.81416747521973,5.02947766727546,6.97090584367083,81.1140846067
"821",5.9874728919449,5.40131172666293,7.19408542303894,78.6696483612497
"822",19.7700483399544,10.4305268490466,24.9430366631149,69.2883282945382
"823",8.26639784512905,7.34846922834953,10.1288437362756,80.039848178246
"824",14.0406263492795,9.96699159528255,17.5647907082927,83.5786809393568
"825",13.6553736477784,7.04071561087362,17.0686692511787,73.7089576574751
"826",19.8873041235012,7.10834035441018,25.0940365392005,64.3386178853996
"827",9.40106709730187,7.35481544388964,11.5900502652294,77.4782470823778
"828",12.9318348073262,5.99135584755401,16.1369090262534,59.046075255521
"829",13.9758287169452,10.0607708990177,17.4813454900088,76.8435087417707
"830",11.553070836238,9.46424353693851,14.3613617356378,73.8932317318276
"831",9.04746959398468,7.02153671420643,11.1346937994757,73.767490260775
"832",8.99278624909612,7.3246505402359,11.0642735775271,81.7478247431295
"833",14.7922903802327,6.4233521814768,18.5327700445665,58.1097593785497
"834",7.26031802343608,6.02134871359466,8.83323234882398,82.8060492103467
"835",10.0058771301999,6.54900780554427,12.3689136804095,77.3994661450414
"836",9.33832242629353,7.71901368557129,11.5092488133888,83.3975699412442
"837",5.8731130027154,4.9299366353164,7.04681482724851,81.1103758688363
"838",7.49978046774066,5.16967263544907,9.14160775107183,65.1328469538069
"839",8.5398294698412,4.13603863437886,10.4809640343156,71.8332031034942
"840",5.40531139756737,5.36036000257187,6.44438838589711,66.7041199938457
"841",13.4406331528093,3.63783244461759,16.7921303278945,53.1266097657424
"842",11.0881072626458,5.03296075282874,13.7625900599644,56.4240262992757
"843",9.19033032778748,7.40146522583849,11.3186672671307,82.6933952901811
"844",12.5165777903098,6.16477164077041,15.6021485546038,66.656055456457
"845",5.07621792699535,4.61451405364748,6.02058777006563,74.8434344648117
"846",4.77132149678114,3.54887181729923,5.62794766491557,55.469967957193
"847",24.7887568799625,11.5555595441133,31.4060386978777,70.4996352705351
"848",28.4677400852025,8.68780651555372,36.1437666913997,46.369615671707
"849",11.5220109045036,7.39741071491442,14.3213633176387,56.401704862327
"850",6.38296221814406,5.39406412164047,7.70338942018798,62.5356373841893
"851",7.21140507735348,4.76970596297654,8.77024314203144,62.639600883473
"852",8.21431225965283,6.61756579238001,10.0617688618869,73.1529206132557
